"序号","题目ID","模块","原题型","问卷星建议题型","必填","题干","选项/取值","校验/范围","显示逻辑","互斥选项","风险提示","权重/备注"
"1","Q0_NAME","基础信息","text","填空题","是","请问怎么称呼您？（姓名或昵称都可以，用于您的专属报告）","","最多 20 字","","","",""
"2","Q1","基础信息","number","填空题","是","您的出生年份是？","","数字；1960-1995 年","","","",""
"3","Q2","基础信息","single","单选题","是","您目前的月经情况是？（请选择最接近您当前状态的一项。）","A=基本上还算规律，每个月都会来 | value:A
B=有时会提前或推迟一周以上，但每个月还是会来 | value:B
C=经常 2～3 个月才来一次，或者已经开始“跳月” | value:C
D=已经超过半年没来了 | value:D
E=已经超过一年没来了（确认绝经） | value:E
F=我正在使用曼月乐（左炔诺孕酮宫内节育系统），月经很少或已经没有了 | value:F
G=我做过子宫切除手术，但保留了卵巢 | value:G
H=我做过子宫和双侧卵巢切除手术 | value:H
I=因为其他原因没有月经（如：正在使用激素类避孕药、避孕针、皮下埋植等） | value:I","","","","","{""A"":0,""B"":0,""C"":0,""D"":0,""thyroid"":0,""insulin"":0,""adrenal"":0}"
"4","Q3","基础信息","number","填空题","是","您的身高是？（厘米）","","数字；130-195 cm","","","","{""A"":0,""B"":0,""C"":0,""D"":0,""thyroid"":0,""insulin"":0,""adrenal"":0}"
"5","Q4","基础信息","number","填空题","是","您的体重是？（公斤）","","数字；30-150 kg","","","","{""A"":0,""B"":0,""C"":0,""D"":0,""thyroid"":0,""insulin"":0,""adrenal"":0}"
"6","Q5","基础信息","multi","多选题","是","您是否有过以下手术或医疗经历？（可多选）","A=一侧卵巢切除（保留了另一侧） | value:unilateral_oophorectomy
B=甲状腺手术（全切或部分切除） | value:thyroid_surgery
C=正在或曾经接受过化疗 / 放疗 | value:chemo_radiotherapy
D=被诊断过多囊卵巢综合征（PCOS） | value:pcos
E=被诊断过甲状腺功能异常（甲亢、甲减、桥本甲状腺炎等） | value:thyroid_disorder
F=被诊断过早发性卵巢功能不全（40岁前卵巢功能衰退，曾被称为“卵巢早衰”） | value:poi
G=以上都没有 | value:none","","","以上都没有","","{""A"":0,""B"":0,""C"":0,""D"":0,""thyroid"":0,""insulin"":0,""adrenal"":0}"
"7","Q6","基础信息","multi","多选题","是","您目前是否在使用以下药物或产品？（可多选）","A=避孕药 | value:contraceptive
B=激素替代治疗（HRT） | value:hrt
C=甲状腺药物（如优甲乐） | value:thyroid_med
D=中药/保健品调理围绝经期 | value:tcm
E=以上都没有 | value:none","","","以上都没有","","{""A"":0,""B"":0,""C"":0,""D"":0,""thyroid"":0,""insulin"":0,""adrenal"":0}"
"8","Q7","基础信息","single","单选题","是","您的直系女性亲属（妈妈、姐妹）大约几岁绝经的？","A=45岁之前 | value:A
B=45～50岁 | value:B
C=50～55岁 | value:C
D=55岁之后 | value:D
E=不清楚 | value:E","","","","","{""A"":0,""B"":0,""C"":0,""D"":0,""thyroid"":0,""insulin"":0,""adrenal"":0}"
"9","Q8","月经变化","scale","单选题","是","和一两年前比，您的月经量有什么变化？","A=没什么变化 | value:0
B=比以前明显变少了，天数或量都减少 | value:less
C=有时多有时少，不太稳定 | value:1
D=明显变多了，有时会涌出来或有大血块 | value:2
E=多到需要频繁换卫生巾（白天不到2小时就要换），已经影响正常生活 | value:3","","answers.Q2 === 'E'","","red｜妇科｜月经量过大可能导致贫血，建议尽快就医检查｜条件：value === 3","{""A"":2,""B"":4,""C"":2,""D"":0,""thyroid"":0,""insulin"":0,""adrenal"":0}"
"10","Q9","月经变化","multi","多选题","是","您来月经前一周左右，是否有以下感受？（可多选）","A=乳房胀痛，碰一下都疼 | value:breast | score:2
B=脸和手脚容易肿，戒指变紧、鞋变挤 | value:edema | score:2
C=情绪特别容易波动，莫名想哭或发脾气 | value:mood | score:2
D=头疼，尤其是偏头痛 | value:headache | score:2
E=以上都没有 | value:none | score:0","","answers.Q2 === 'E'","以上都没有","","{""A"":3,""B"":4,""C"":2,""D"":0,""thyroid"":0,""insulin"":0,""adrenal"":0}"
"11","Q10","月经变化","single","单选题","是","您的月经周期（从一次来到下一次来的天数）有什么变化？（不需要记得精确天数，选最接近您感受的一项。）","A=比较稳定，大致在 25～35 天之间 | value:A
B=偶尔会比平时提前或推迟一周左右，但大部分时候还算规律 | value:B
C=明显变短了，经常不到 25 天就来（来得比以前频繁） | value:C
D=明显变长了，经常要 5～6 周甚至更久才来一次 | value:D
E=完全没规律，有时很密有时好久不来，无法预测 | value:E","","!['A', 'B', 'C'].includes(answers.Q2)","","","""special_Q10"""
"12","Q11","月经变化","scale","单选题","是","您是否在非月经期间出现阴道出血或褐色分泌物？","A=没有 | value:0
B=偶尔有一点点 | value:1
C=时常有 | value:2
D=经常有，或者绝经后又出血了 | value:3","","","","red｜妇科｜非经期出血或绝经后出血需要尽快排除子宫内膜病变｜条件：value === 3","{""A"":2,""B"":3,""C"":2,""D"":1,""thyroid"":0,""insulin"":0,""adrenal"":0}"
"13","Q12","潮热与出汗","scale","单选题","是","您是否会突然觉得一阵热从胸口或脸上涌上来，脸发红、出汗？","A=没有过 | value:0
B=偶尔有（一周不到1次） | value:1
C=经常有（几乎每天都有，一天几次） | value:2
D=非常频繁（一天超过7次，严重影响生活） | value:3","","","","","{""A"":0,""B"":0,""C"":3,""D"":4,""thyroid"":0,""insulin"":0,""adrenal"":0}"
"14","Q13","潮热与出汗","scale","单选题","是","您晚上睡觉时是否会被热醒，或者醒来发现衣服、床单湿了？","A=没有 | value:0
B=偶尔（一个月几次） | value:1
C=经常（每周2～3次） | value:2
D=几乎每晚都有，需要换衣服或床单 | value:3","","","","","{""A"":0,""B"":0,""C"":3,""D"":4,""thyroid"":0,""insulin"":0,""adrenal"":0}"
"15","Q14","潮热与出汗","scale","单选题","是","您的心脏是否会没有原因地突然“怦怦跳”或感觉心慌？","A=没有 | value:0
B=偶尔 | value:1
C=一周好几次 | value:2
D=几乎每天都有 | value:3","","","","orange｜心内科/内分泌科｜频繁心悸建议排除心脏和甲状腺问题｜条件：value === 3","{""A"":1,""B"":1,""C"":3,""D"":3,""thyroid"":2,""insulin"":0,""adrenal"":1}"
"16","Q15","情绪与睡眠","scale","单选题","是","最近您是否经常觉得做什么事都没兴趣，或者觉得心情很低落？","A=几乎没有 | value:0
B=有几天这样 | value:1
C=超过一半的天数都这样 | value:2
D=几乎每天都这样 | value:3","","","","","{""A"":2,""B"":1,""C"":2,""D"":3,""thyroid"":2,""insulin"":0,""adrenal"":2}"
"17","Q16","情绪与睡眠","scale","单选题","是","最近您是否经常感到紧张、焦虑或坐立不安？","A=几乎没有 | value:0
B=有几天这样 | value:1
C=超过一半的天数都这样 | value:2
D=几乎每天都这样 | value:3","","","","orange｜心理科/精神科｜您的情绪状态需要关注，建议进行专业心理评估｜条件：answers.Q15 + answers.Q16 >= 4","{""A"":3,""B"":2,""C"":2,""D"":2,""thyroid"":2,""insulin"":0,""adrenal"":3}"
"18","Q17","情绪与睡眠","scale","单选题","是","您以前能扛住的压力，现在是否觉得扛不住了？比如同样的事，现在更容易崩溃或烦躁？","A=没有这种感觉 | value:0
B=有一点 | value:1
C=比较明显 | value:2
D=非常明显，感觉自己完全变了一个人 | value:3","","","","","{""A"":3,""B"":1,""C"":2,""D"":2,""thyroid"":0,""insulin"":0,""adrenal"":3}"
"19","Q18","情绪与睡眠","scale","单选题","是","您的睡眠怎么样？","A=睡得还不错 | value:0
B=有时不容易入睡，或半夜会醒 | value:1
C=经常要很久才能睡着，或者半夜醒了就很难再睡 | value:2
D=严重失眠，基本靠安眠药才能睡 | value:3","","","","","{""A"":2,""B"":1,""C"":2,""D"":3,""thyroid"":2,""insulin"":0,""adrenal"":2}"
"20","Q19","情绪与睡眠","single","单选题","是","如果您半夜会醒，主要是因为什么？","A=被热醒或出汗醒的 | value:A
B=心里发慌或想事情停不下来 | value:B
C=没什么特别原因就醒了，醒了就睡不着 | value:C
D=睡眠质量还好，不太会半夜醒 | value:D","","","","","""special_Q19"""
"21","Q20","代谢与能量","scale","单选题","是","饭后，尤其是吃完米饭、面食、甜食后，是否容易特别犯困、没精神？","A=不会 | value:0
B=偶尔 | value:1
C=经常这样 | value:2
D=几乎每次吃完主食都犯困 | value:3","","","","","{""A"":0,""B"":0,""C"":0,""D"":0,""thyroid"":0,""insulin"":4,""adrenal"":0}"
"22","Q21","代谢与能量","scale","单选题","是","您是否经常控制不住地想吃甜食或高碳水食物（面包、蛋糕、奶茶等）？","A=不太想 | value:0
B=有时候嘴馋 | value:1
C=经常忍不住 | value:2
D=不吃就觉得特别难受，有点“上瘾”的感觉 | value:3","","","","","{""A"":0,""B"":0,""C"":0,""D"":0,""thyroid"":0,""insulin"":4,""adrenal"":1}"
"23","Q22","代谢与能量","scale","单选题","是","如果饿了没有及时吃东西，您会不会心慌、手抖、出冷汗，或者情绪特别烦躁？","A=不会 | value:0
B=偶尔 | value:1
C=经常 | value:2
D=几乎每次饿了都这样 | value:3","","","","","{""A"":0,""B"":0,""C"":0,""D"":0,""thyroid"":0,""insulin"":4,""adrenal"":2}"
"24","Q23","代谢与能量","scale","单选题","是","饮食没明显变多，甚至吃得更少了，但体重还是在涨，肉更容易长在腰和肚子上？","A=没有 | value:0
B=有一点 | value:1
C=比较明显 | value:2
D=非常明显，怎么控制都瘦不下来 | value:3","","","","","{""A"":1,""B"":3,""C"":2,""D"":2,""thyroid"":2,""insulin"":4,""adrenal"":1}"
"25","Q24","代谢与能量","scale","单选题","是","下午2～4点左右，您是否经常感到特别疲惫，好像电池没电了？","A=不会 | value:0
B=偶尔 | value:1
C=经常这样，需要咖啡或甜食才能撑住 | value:2
D=每天都这样，严重影响工作 | value:3","","","","","{""A"":0,""B"":0,""C"":0,""D"":1,""thyroid"":2,""insulin"":1,""adrenal"":4}"
"26","Q25","代谢与能量","scale","单选题","是","早上起床时，您觉得精力恢复得怎么样？","A=感觉休息够了，精力充沛 | value:0
B=还行，但没有以前那么有劲 | value:1
C=觉得没休息过来，拖着身体起床 | value:2
D=感觉比睡前还累，完全不想动 | value:3","","","","","{""A"":0,""B"":0,""C"":1,""D"":2,""thyroid"":3,""insulin"":0,""adrenal"":4}"
"27","Q26","身体变化","scale","单选题","是","您是否觉得阴道干涩，同房时不舒服，或者容易反复得尿道炎、阴道炎？","A=没有 | value:0
B=有一点干，偶尔不舒服 | value:1
C=比较明显，影响了夫妻生活 | value:2
D=非常干涩且反复感染 | value:3","","","","","{""A"":0,""B"":0,""C"":1,""D"":4,""thyroid"":0,""insulin"":0,""adrenal"":0}"
"28","Q27","身体变化","scale","单选题","是","您的关节是否经常僵硬或疼痛，尤其是早上起来的时候？","A=没有 | value:0
B=偶尔 | value:1
C=经常有，活动后会好一些 | value:2
D=非常严重，影响日常活动 | value:3","","","","","{""A"":1,""B"":1,""C"":1,""D"":3,""thyroid"":1,""insulin"":0,""adrenal"":0}"
"29","Q28","身体变化","multi","多选题","是","您的皮肤和头发有什么变化？（可多选）","A=皮肤变得很干，怎么涂都不够润 | value:dry_skin | score:2
B=头发明显变稀、掉得多 | value:hair_loss | score:2
C=眉毛尾部变稀或脱落 | value:eyebrow_loss | score:4
D=皮肤变薄了，容易瘀伤 | value:thin_skin | score:1
E=没什么变化 | value:none | score:0","","","没什么变化","","""special_Q28"""
"30","Q29","身体变化","single","单选题","是","您是否对温度变得更敏感了？","A=特别怕冷，手脚冰凉，比别人穿得多 | value:A
B=特别怕热，别人觉得正常的温度我觉得热得受不了 | value:B
C=忽冷忽热，一会儿怕冷一会儿怕热 | value:C
D=没什么特别变化 | value:D","","","","","""special_Q29"""
"31","Q30","身体变化","multi","多选题","是","请选出您有的情况：（可多选）","A=便秘，好几天不排便或排便很费劲 | value:constipation | score:3
B=经常腹泻或大便不成形 | value:diarrhea | score:3
C=脖子前面感觉变粗或有肿胀感 | value:neck_swelling | score:4
D=安静时心跳偏慢（持续低于50次/分钟；如果长期运动锻炼则不算） | value:low_hr | score:3
E=安静时心跳偏快（持续高于80次/分钟） | value:high_hr | score:3
F=以上都没有 | value:none | score:0","","","以上都没有","orange｜内分泌科/甲状腺外科｜脖子肿胀需要排查甲状腺结节或肿大｜条件：selectedValues.includes('neck_swelling')","""special_Q30"""
"32","Q31","生活与心理","scale","单选题","是","和以前比，您对“性”的兴趣有什么变化？","A=没什么变化 | value:0
B=有所下降，但不太在意 | value:1
C=明显下降，自己也觉得不太正常 | value:2
D=完全没有兴趣了 | value:3","","","","","{""A"":1,""B"":1,""C"":2,""D"":4,""thyroid"":1,""insulin"":0,""adrenal"":2}"
"33","Q32","生活与心理","scale","单选题","是","您是否觉得记性明显变差了？比如话到嘴边说不出来，经常忘记刚才要做什么？","A=没有 | value:0
B=偶尔 | value:1
C=经常这样，自己也着急 | value:2
D=非常严重，已经影响工作和生活 | value:3","","","","","{""A"":1,""B"":1,""C"":2,""D"":3,""thyroid"":2,""insulin"":1,""adrenal"":1}"
